ikea baked salmon,lemon,salt,parsley,dill,salmon,black pepper,,,,,
chop salad,onion,water,vinegar,dill,salt,black pepper,olive oil,lettuce,green olive,haricots verts,cucumber
lemon cream shrimp,olive oil,onion,garlic,shrimp,lemon zest,vodka ,creme fraiche,parsley,basil ,lemon juice,bread
tomato marination,olive oil,lemon zest,parsley,salt,onion,honey,vinegar ,,,,
soy sauce marinated salmon,salmon,onion,soy sauce,,,,,,,,
lemon pasta,spaghetti,olive oil,parmesan,lemon juice,salt,black pepper ,lemon zest,basil ,,,
aglio olio,spaghetti,olive oil,garlic,red pepper ,parsley,parmesan,,,,,
french toast,cinamon,nutmeg,sugar,butter,egg,milk,vanila extract,bread,maple syrup,,
bread,sugar,butter,egg,banana,milk,cinamon,flour,baking powder,baking soda,salt,
mashed potatoes,potato,bay leaf,black pepper ,,salt,butter,cream,chives,,,
parmesan risotto,rice,parmesan ,white wine,butter,salt,black pepper,peas,,,,
roasted broccoli with garlic,broccoli ,olive oil,garlic,salt,black pepper ,,,,,,
baked polenta ,olive oil,polenta,olive oil,salt,,,,,,,
beef satay ,steak,lime juice ,fish sauce,sugar ,chili sauce,cilantro,peanut,,,,
macaroni salad,egg,macaroni,ham steak,celery,shallot,lemon juice,,,,,
sauteed spinach,butter,olive oil,shallot,baby spinach,salt,black pepper ,,,,,
peach cobbler,peach,sugar,water,butter,flour,milk,cinnamon,,,,
nut muffins ,flour,baking soda,salt,sugar,butter,egg,vanilla extract,pecans,,,
sole meuniere,flour,salt,black pepper ,sole fillets,butter,lemon zest,lemon juice,parsley,,,
bread,butter,bread,parsley,garlic,,,,,,,
mushroom risotto,olive oil,crushed garlic,ham,mushroom,milk,cheese,rice,,,,
french toast,oil,bread,egg,sugar,,,,,,,
coleslaw,mayonnaise,mustard,vinegar,sugar,pepper,cabbage,corn,onion,carrot,,
iced ramen,ramen,soy sauce,vinegar,sugar,water,sprouts,Chungyang red pepper,,,,
stir-fried potatos,oil,salt,carrot,onion,potato,,,,,,
braised tofu,soy sause,sugar,red pepper,crushed garlic,water,tofu,,,,,
nacho pizza,nacho,tomato sauce,corn,cheese,olive,arugula,,,,,
fried eggplant,eggplant,coarse salt,egg,oil,flour,crumbs,,,,,
laver cold soup,laver,vinegar,salt,sugar,water,rice,sesame salt,red pepper powder,,,
fruit salad,potato,egg,almond,strawberry,apple,raisin,mayonnaise,,,,
chicken skewers,drumstick,salt,pepper,sweet chili,mayonnaise,wine,skewers,,,,
currywurst,sausage,oil,onion,ketchup,worcestor,honey,curry powder,paprika powder,water,seed mustard,
gambas,shrimp,garlic,olive oil,pepperoncino,,,,,,,
beef jerky,spam,sugar,red pepper,,,,,,,,
mushroom pancake,onion,carrot,oil,salt,winter mushroom,crab meat,,,,,
egg fried rice,rice,salt,oil,green onion,,yolk,,,,,
garlic butter roast,shrimp,crushed garlic,butter,oil,,,,,,,
curry,potato,carrot,onion,pork,curry powder,salt,pepper,butter,,,
crab soup,onion,green onion,kelp,chicken stock,,,,,,,
scrambled egg,egg,milk,sugar,butter,salt,pepper,,,,,
